<annotation>
	<folder></folder>
	<filename>20230501_154046054_iOS_jpg.rf.16ec9695e3b0e5c438f543fd600cecde.jpg</filename>
	<path>20230501_154046054_iOS_jpg.rf.16ec9695e3b0e5c438f543fd600cecde.jpg</path>
	<source>
		<database>roboflow.ai</database>
	</source>
	<size>
		<width>640</width>
		<height>640</height>
		<depth>3</depth>
	</size>
	<segmented>0</segmented>
	<object>
		<name>Greenball</name>
		<pose>Unspecified</pose>
		<truncated>0</truncated>
		<difficult>0</difficult>
		<occluded>0</occluded>
		<bndbox>
			<xmin>230</xmin>
			<xmax>242</xmax>
			<ymin>305</ymin>
			<ymax>313</ymax>
		</bndbox>
	</object>
</annotation>
