<annotation>
	<folder></folder>
	<filename>20230501_153754203_iOS_jpg.rf.13ccc4f1d448708bc4689fddde24e189.jpg</filename>
	<path>20230501_153754203_iOS_jpg.rf.13ccc4f1d448708bc4689fddde24e189.jpg</path>
	<source>
		<database>roboflow.ai</database>
	</source>
	<size>
		<width>640</width>
		<height>640</height>
		<depth>3</depth>
	</size>
	<segmented>0</segmented>
	<object>
		<name>Greenball</name>
		<pose>Unspecified</pose>
		<truncated>0</truncated>
		<difficult>0</difficult>
		<occluded>0</occluded>
		<bndbox>
			<xmin>115</xmin>
			<xmax>134</xmax>
			<ymin>275</ymin>
			<ymax>293</ymax>
		</bndbox>
	</object>
</annotation>
