<annotation>
	<folder></folder>
	<filename>20230501_154209704_iOS_jpg.rf.607487cfd1c47c3a65e94437653d802f.jpg</filename>
	<path>20230501_154209704_iOS_jpg.rf.607487cfd1c47c3a65e94437653d802f.jpg</path>
	<source>
		<database>roboflow.ai</database>
	</source>
	<size>
		<width>640</width>
		<height>640</height>
		<depth>3</depth>
	</size>
	<segmented>0</segmented>
	<object>
		<name>Greenball</name>
		<pose>Unspecified</pose>
		<truncated>0</truncated>
		<difficult>0</difficult>
		<occluded>0</occluded>
		<bndbox>
			<xmin>209</xmin>
			<xmax>259</xmax>
			<ymin>284</ymin>
			<ymax>334</ymax>
		</bndbox>
	</object>
</annotation>
