<annotation>
	<folder></folder>
	<filename>20230501_154208396_iOS_jpg.rf.a0a5f190288f48f79d8d0709cf97872e.jpg</filename>
	<path>20230501_154208396_iOS_jpg.rf.a0a5f190288f48f79d8d0709cf97872e.jpg</path>
	<source>
		<database>roboflow.ai</database>
	</source>
	<size>
		<width>640</width>
		<height>640</height>
		<depth>3</depth>
	</size>
	<segmented>0</segmented>
	<object>
		<name>Greenball</name>
		<pose>Unspecified</pose>
		<truncated>0</truncated>
		<difficult>0</difficult>
		<occluded>0</occluded>
		<bndbox>
			<xmin>285</xmin>
			<xmax>336</xmax>
			<ymin>258</ymin>
			<ymax>307</ymax>
		</bndbox>
	</object>
</annotation>
