<annotation>
	<folder></folder>
	<filename>20230501_154202492_iOS_jpg.rf.1cb3fd38c73034ddae44d8572d4cd0ad.jpg</filename>
	<path>20230501_154202492_iOS_jpg.rf.1cb3fd38c73034ddae44d8572d4cd0ad.jpg</path>
	<source>
		<database>roboflow.ai</database>
	</source>
	<size>
		<width>640</width>
		<height>640</height>
		<depth>3</depth>
	</size>
	<segmented>0</segmented>
	<object>
		<name>Greenball</name>
		<pose>Unspecified</pose>
		<truncated>0</truncated>
		<difficult>0</difficult>
		<occluded>0</occluded>
		<bndbox>
			<xmin>224</xmin>
			<xmax>244</xmax>
			<ymin>427</ymin>
			<ymax>448</ymax>
		</bndbox>
	</object>
</annotation>
