<annotation>
	<folder></folder>
	<filename>20230501_153712238_iOS_jpg.rf.39516a155216cf2cb57f206e97b17133.jpg</filename>
	<path>20230501_153712238_iOS_jpg.rf.39516a155216cf2cb57f206e97b17133.jpg</path>
	<source>
		<database>roboflow.ai</database>
	</source>
	<size>
		<width>640</width>
		<height>640</height>
		<depth>3</depth>
	</size>
	<segmented>0</segmented>
	<object>
		<name>Greenball</name>
		<pose>Unspecified</pose>
		<truncated>0</truncated>
		<difficult>0</difficult>
		<occluded>0</occluded>
		<bndbox>
			<xmin>446</xmin>
			<xmax>461</xmax>
			<ymin>257</ymin>
			<ymax>268</ymax>
		</bndbox>
	</object>
</annotation>
