<annotation>
	<folder></folder>
	<filename>20230501_153952908_iOS_jpg.rf.48b851c55003eb021e984f5faee8dd67.jpg</filename>
	<path>20230501_153952908_iOS_jpg.rf.48b851c55003eb021e984f5faee8dd67.jpg</path>
	<source>
		<database>roboflow.ai</database>
	</source>
	<size>
		<width>640</width>
		<height>640</height>
		<depth>3</depth>
	</size>
	<segmented>0</segmented>
	<object>
		<name>Greenball</name>
		<pose>Unspecified</pose>
		<truncated>0</truncated>
		<difficult>0</difficult>
		<occluded>0</occluded>
		<bndbox>
			<xmin>537</xmin>
			<xmax>600</xmax>
			<ymin>417</ymin>
			<ymax>483</ymax>
		</bndbox>
	</object>
</annotation>
