<annotation>
	<folder></folder>
	<filename>20230501_153639757_iOS_jpg.rf.968a2d935f359588587a65e20ccd9189.jpg</filename>
	<path>20230501_153639757_iOS_jpg.rf.968a2d935f359588587a65e20ccd9189.jpg</path>
	<source>
		<database>roboflow.ai</database>
	</source>
	<size>
		<width>640</width>
		<height>640</height>
		<depth>3</depth>
	</size>
	<segmented>0</segmented>
	<object>
		<name>Greenball</name>
		<pose>Unspecified</pose>
		<truncated>0</truncated>
		<difficult>0</difficult>
		<occluded>0</occluded>
		<bndbox>
			<xmin>521</xmin>
			<xmax>536</xmax>
			<ymin>292</ymin>
			<ymax>305</ymax>
		</bndbox>
	</object>
</annotation>
