<annotation>
	<folder></folder>
	<filename>20230501_153644876_iOS_jpg.rf.4f86023680a7d396bb6b0595a940cea1.jpg</filename>
	<path>20230501_153644876_iOS_jpg.rf.4f86023680a7d396bb6b0595a940cea1.jpg</path>
	<source>
		<database>roboflow.ai</database>
	</source>
	<size>
		<width>640</width>
		<height>640</height>
		<depth>3</depth>
	</size>
	<segmented>0</segmented>
	<object>
		<name>Greenball</name>
		<pose>Unspecified</pose>
		<truncated>0</truncated>
		<difficult>0</difficult>
		<occluded>0</occluded>
		<bndbox>
			<xmin>276</xmin>
			<xmax>290</xmax>
			<ymin>295</ymin>
			<ymax>307</ymax>
		</bndbox>
	</object>
</annotation>
