<annotation>
	<folder></folder>
	<filename>20230501_154109570_iOS_jpg.rf.e33683af779790e9e45464b6eaca0588.jpg</filename>
	<path>20230501_154109570_iOS_jpg.rf.e33683af779790e9e45464b6eaca0588.jpg</path>
	<source>
		<database>roboflow.ai</database>
	</source>
	<size>
		<width>640</width>
		<height>640</height>
		<depth>3</depth>
	</size>
	<segmented>0</segmented>
	<object>
		<name>Greenball</name>
		<pose>Unspecified</pose>
		<truncated>0</truncated>
		<difficult>0</difficult>
		<occluded>0</occluded>
		<bndbox>
			<xmin>426</xmin>
			<xmax>442</xmax>
			<ymin>485</ymin>
			<ymax>502</ymax>
		</bndbox>
	</object>
</annotation>
