<annotation>
	<folder></folder>
	<filename>20230501_153714143_iOS_jpg.rf.83a94f070094718d78f90965a29b80aa.jpg</filename>
	<path>20230501_153714143_iOS_jpg.rf.83a94f070094718d78f90965a29b80aa.jpg</path>
	<source>
		<database>roboflow.ai</database>
	</source>
	<size>
		<width>640</width>
		<height>640</height>
		<depth>3</depth>
	</size>
	<segmented>0</segmented>
	<object>
		<name>Greenball</name>
		<pose>Unspecified</pose>
		<truncated>0</truncated>
		<difficult>0</difficult>
		<occluded>0</occluded>
		<bndbox>
			<xmin>238</xmin>
			<xmax>254</xmax>
			<ymin>253</ymin>
			<ymax>264</ymax>
		</bndbox>
	</object>
</annotation>
