<annotation>
	<folder></folder>
	<filename>20230501_154106564_iOS_jpg.rf.6c347fefd033daacc93a21e91bb4d5c4.jpg</filename>
	<path>20230501_154106564_iOS_jpg.rf.6c347fefd033daacc93a21e91bb4d5c4.jpg</path>
	<source>
		<database>roboflow.ai</database>
	</source>
	<size>
		<width>640</width>
		<height>640</height>
		<depth>3</depth>
	</size>
	<segmented>0</segmented>
	<object>
		<name>Greenball</name>
		<pose>Unspecified</pose>
		<truncated>0</truncated>
		<difficult>0</difficult>
		<occluded>0</occluded>
		<bndbox>
			<xmin>251</xmin>
			<xmax>266</xmax>
			<ymin>338</ymin>
			<ymax>353</ymax>
		</bndbox>
	</object>
</annotation>
