<annotation>
	<folder></folder>
	<filename>20230501_153641960_iOS_jpg.rf.7f6287ad2fdd24312a6cb2b8f270e221.jpg</filename>
	<path>20230501_153641960_iOS_jpg.rf.7f6287ad2fdd24312a6cb2b8f270e221.jpg</path>
	<source>
		<database>roboflow.ai</database>
	</source>
	<size>
		<width>640</width>
		<height>640</height>
		<depth>3</depth>
	</size>
	<segmented>0</segmented>
	<object>
		<name>Greenball</name>
		<pose>Unspecified</pose>
		<truncated>0</truncated>
		<difficult>0</difficult>
		<occluded>0</occluded>
		<bndbox>
			<xmin>437</xmin>
			<xmax>451</xmax>
			<ymin>451</ymin>
			<ymax>464</ymax>
		</bndbox>
	</object>
</annotation>
