<annotation>
	<folder></folder>
	<filename>20230501_153814592_iOS_jpg.rf.ad3ad025a5266c9aeeb119e635efc3fc.jpg</filename>
	<path>20230501_153814592_iOS_jpg.rf.ad3ad025a5266c9aeeb119e635efc3fc.jpg</path>
	<source>
		<database>roboflow.ai</database>
	</source>
	<size>
		<width>640</width>
		<height>640</height>
		<depth>3</depth>
	</size>
	<segmented>0</segmented>
	<object>
		<name>Greenball</name>
		<pose>Unspecified</pose>
		<truncated>0</truncated>
		<difficult>0</difficult>
		<occluded>0</occluded>
		<bndbox>
			<xmin>417</xmin>
			<xmax>435</xmax>
			<ymin>198</ymin>
			<ymax>216</ymax>
		</bndbox>
	</object>
</annotation>
