<annotation>
	<folder></folder>
	<filename>20230501_153756812_iOS_jpg.rf.c2ac864b0bad9d076f88feab72085611.jpg</filename>
	<path>20230501_153756812_iOS_jpg.rf.c2ac864b0bad9d076f88feab72085611.jpg</path>
	<source>
		<database>roboflow.ai</database>
	</source>
	<size>
		<width>640</width>
		<height>640</height>
		<depth>3</depth>
	</size>
	<segmented>0</segmented>
	<object>
		<name>Greenball</name>
		<pose>Unspecified</pose>
		<truncated>0</truncated>
		<difficult>0</difficult>
		<occluded>0</occluded>
		<bndbox>
			<xmin>495</xmin>
			<xmax>515</xmax>
			<ymin>219</ymin>
			<ymax>237</ymax>
		</bndbox>
	</object>
</annotation>
