<annotation>
	<folder></folder>
	<filename>20230501_153646001_iOS_jpg.rf.0d5d99005ed98f3c2ef4299f443e0542.jpg</filename>
	<path>20230501_153646001_iOS_jpg.rf.0d5d99005ed98f3c2ef4299f443e0542.jpg</path>
	<source>
		<database>roboflow.ai</database>
	</source>
	<size>
		<width>640</width>
		<height>640</height>
		<depth>3</depth>
	</size>
	<segmented>0</segmented>
	<object>
		<name>Greenball</name>
		<pose>Unspecified</pose>
		<truncated>0</truncated>
		<difficult>0</difficult>
		<occluded>0</occluded>
		<bndbox>
			<xmin>289</xmin>
			<xmax>304</xmax>
			<ymin>80</ymin>
			<ymax>95</ymax>
		</bndbox>
	</object>
</annotation>
