<annotation>
	<folder></folder>
	<filename>20230501_154308955_iOS_jpg.rf.bef2c126e5e8f73478b2efca0b833a6c.jpg</filename>
	<path>20230501_154308955_iOS_jpg.rf.bef2c126e5e8f73478b2efca0b833a6c.jpg</path>
	<source>
		<database>roboflow.ai</database>
	</source>
	<size>
		<width>640</width>
		<height>640</height>
		<depth>3</depth>
	</size>
	<segmented>0</segmented>
	<object>
		<name>Greenball</name>
		<pose>Unspecified</pose>
		<truncated>0</truncated>
		<difficult>0</difficult>
		<occluded>0</occluded>
		<bndbox>
			<xmin>294</xmin>
			<xmax>301</xmax>
			<ymin>318</ymin>
			<ymax>325</ymax>
		</bndbox>
	</object>
</annotation>
