<annotation>
	<folder></folder>
	<filename>20230501_153659657_iOS_jpg.rf.c930ab45df624d01d48ceb6aace5c33e.jpg</filename>
	<path>20230501_153659657_iOS_jpg.rf.c930ab45df624d01d48ceb6aace5c33e.jpg</path>
	<source>
		<database>roboflow.ai</database>
	</source>
	<size>
		<width>640</width>
		<height>640</height>
		<depth>3</depth>
	</size>
	<segmented>0</segmented>
	<object>
		<name>Greenball</name>
		<pose>Unspecified</pose>
		<truncated>0</truncated>
		<difficult>0</difficult>
		<occluded>0</occluded>
		<bndbox>
			<xmin>276</xmin>
			<xmax>308</xmax>
			<ymin>309</ymin>
			<ymax>341</ymax>
		</bndbox>
	</object>
</annotation>
