<annotation>
	<folder></folder>
	<filename>20230501_154111733_iOS_jpg.rf.5822442e1f5c45048d6549a13ffe3a6a.jpg</filename>
	<path>20230501_154111733_iOS_jpg.rf.5822442e1f5c45048d6549a13ffe3a6a.jpg</path>
	<source>
		<database>roboflow.ai</database>
	</source>
	<size>
		<width>640</width>
		<height>640</height>
		<depth>3</depth>
	</size>
	<segmented>0</segmented>
	<object>
		<name>Greenball</name>
		<pose>Unspecified</pose>
		<truncated>0</truncated>
		<difficult>0</difficult>
		<occluded>0</occluded>
		<bndbox>
			<xmin>81</xmin>
			<xmax>98</xmax>
			<ymin>265</ymin>
			<ymax>281</ymax>
		</bndbox>
	</object>
</annotation>
