<annotation>
	<folder></folder>
	<filename>20230501_153949328_iOS_jpg.rf.e7c83c1cfe7f9768372ea2e6c1e449ed.jpg</filename>
	<path>20230501_153949328_iOS_jpg.rf.e7c83c1cfe7f9768372ea2e6c1e449ed.jpg</path>
	<source>
		<database>roboflow.ai</database>
	</source>
	<size>
		<width>640</width>
		<height>640</height>
		<depth>3</depth>
	</size>
	<segmented>0</segmented>
	<object>
		<name>Greenball</name>
		<pose>Unspecified</pose>
		<truncated>0</truncated>
		<difficult>0</difficult>
		<occluded>0</occluded>
		<bndbox>
			<xmin>314</xmin>
			<xmax>362</xmax>
			<ymin>240</ymin>
			<ymax>290</ymax>
		</bndbox>
	</object>
</annotation>
